<?xml version="1.0" encoding="UTF-8"?>
<project name="androidsensor" default="all">
  
  
  <property file="androidsensor.properties"/>
  <!-- Uncomment the following property if no tests compilation is needed -->
  <!-- 
  <property name="skip.tests" value="true"/>
   -->
  
  <!-- Compiler options -->
  
  <property name="compiler.debug" value="on"/>
  <property name="compiler.generate.no.warnings" value="off"/>
  <property name="compiler.args" value=""/>
  <property name="compiler.max.memory" value="700m"/>
  <patternset id="ignored.files">
    <exclude name="**/*.hprof/**"/>
    <exclude name="**/*.pyc/**"/>
    <exclude name="**/*.pyo/**"/>
    <exclude name="**/*.rbc/**"/>
    <exclude name="**/*.yarb/**"/>
    <exclude name="**/*~/**"/>
    <exclude name="**/.DS_Store/**"/>
    <exclude name="**/.git/**"/>
    <exclude name="**/.hg/**"/>
    <exclude name="**/.svn/**"/>
    <exclude name="**/CVS/**"/>
    <exclude name="**/__pycache__/**"/>
    <exclude name="**/_svn/**"/>
    <exclude name="**/vssver.scc/**"/>
    <exclude name="**/vssver2.scc/**"/>
  </patternset>
  <patternset id="library.patterns">
    <include name="*.war"/>
    <include name="*.swc"/>
    <include name="*.apk"/>
    <include name="*.zip"/>
    <include name="*.egg"/>
    <include name="*.ane"/>
    <include name="*.jar"/>
    <include name="*.ear"/>
  </patternset>
  <patternset id="compiler.resources">
    <exclude name="**/?*.java"/>
    <exclude name="**/?*.form"/>
    <exclude name="**/?*.class"/>
    <exclude name="**/?*.groovy"/>
    <exclude name="**/?*.scala"/>
    <exclude name="**/?*.flex"/>
    <exclude name="**/?*.kt"/>
    <exclude name="**/?*.clj"/>
    <exclude name="**/?*.aj"/>
  </patternset>
  
  <!-- JDK definitions -->
  
  <property name="jdk.bin.1.8" value="${jdk.home.1.8}/bin"/>
  <path id="jdk.classpath.1.8">
    <fileset dir="${jdk.home.1.8}">
      <include name="jre/lib/charsets.jar"/>
      <include name="jre/lib/ext/access-bridge-64.jar"/>
      <include name="jre/lib/ext/cldrdata.jar"/>
      <include name="jre/lib/ext/dnsns.jar"/>
      <include name="jre/lib/ext/jaccess.jar"/>
      <include name="jre/lib/ext/localedata.jar"/>
      <include name="jre/lib/ext/nashorn.jar"/>
      <include name="jre/lib/ext/sunec.jar"/>
      <include name="jre/lib/ext/sunjce_provider.jar"/>
      <include name="jre/lib/ext/sunmscapi.jar"/>
      <include name="jre/lib/ext/sunpkcs11.jar"/>
      <include name="jre/lib/ext/zipfs.jar"/>
      <include name="jre/lib/jce.jar"/>
      <include name="jre/lib/jsse.jar"/>
      <include name="jre/lib/management-agent.jar"/>
      <include name="jre/lib/resources.jar"/>
      <include name="jre/lib/rt.jar"/>
    </fileset>
  </path>
  
  <property name="project.jdk.home" value="${jdk.home.1.8}"/>
  <property name="project.jdk.bin" value="${jdk.bin.1.8}"/>
  <property name="project.jdk.classpath" value="jdk.classpath.1.8"/>
  
  
  <!-- Project Libraries -->
  
  <path id="library.gradle:_android.arch.core:common:1.1.1@jar.classpath">
    <pathelement location="C:/Users/soumya/.gradle/caches/modules-2/files-2.1/android.arch.core/common/1.1.1/e55b70d1f5620db124b3e85a7f4bdc7bd48d9f95/common-1.1.1.jar"/>
  </path>
  
  <path id="library.gradle:_android.arch.core:runtime-1.1.1.classpath">
    <pathelement location="C:/Users/soumya/.gradle/caches/transforms-1/files-1.1/runtime-1.1.1.aar/949673705dd9e2cc16e6cd16d492ffc0/res"/>
    <pathelement location="C:/Users/soumya/.gradle/caches/transforms-1/files-1.1/runtime-1.1.1.aar/949673705dd9e2cc16e6cd16d492ffc0/jars/classes.jar"/>
  </path>
  
  <path id="library.gradle:_android.arch.lifecycle:common:1.1.1@jar.classpath">
    <pathelement location="C:/Users/soumya/.gradle/caches/modules-2/files-2.1/android.arch.lifecycle/common/1.1.1/207a6efae6a3555e326de41f76bdadd9a239cbce/common-1.1.1.jar"/>
  </path>
  
  <path id="library.gradle:_android.arch.lifecycle:livedata-1.1.1.classpath">
    <pathelement location="C:/Users/soumya/.gradle/caches/transforms-1/files-1.1/livedata-1.1.1.aar/4d3592ccabc595c2ca6db4621ed8ce81/res"/>
    <pathelement location="C:/Users/soumya/.gradle/caches/transforms-1/files-1.1/livedata-1.1.1.aar/4d3592ccabc595c2ca6db4621ed8ce81/jars/classes.jar"/>
  </path>
  
  <path id="library.gradle:_android.arch.lifecycle:livedata-core-1.1.1.classpath">
    <pathelement location="C:/Users/soumya/.gradle/caches/transforms-1/files-1.1/livedata-core-1.1.1.aar/29313a3ab08fc66795185706d5fa905e/res"/>
    <pathelement location="C:/Users/soumya/.gradle/caches/transforms-1/files-1.1/livedata-core-1.1.1.aar/29313a3ab08fc66795185706d5fa905e/jars/classes.jar"/>
  </path>
  
  <path id="library.gradle:_android.arch.lifecycle:runtime-1.1.1.classpath">
    <pathelement location="C:/Users/soumya/.gradle/caches/transforms-1/files-1.1/runtime-1.1.1.aar/a1537989c3a287649d52b7b523f8bb07/res"/>
    <pathelement location="C:/Users/soumya/.gradle/caches/transforms-1/files-1.1/runtime-1.1.1.aar/a1537989c3a287649d52b7b523f8bb07/jars/classes.jar"/>
  </path>
  
  <path id="library.gradle:_android.arch.lifecycle:viewmodel-1.1.1.classpath">
    <pathelement location="C:/Users/soumya/.gradle/caches/transforms-1/files-1.1/viewmodel-1.1.1.aar/a1390667f01fb977a9ed0f338df3b5ed/res"/>
    <pathelement location="C:/Users/soumya/.gradle/caches/transforms-1/files-1.1/viewmodel-1.1.1.aar/a1390667f01fb977a9ed0f338df3b5ed/jars/classes.jar"/>
  </path>
  
  <path id="library.gradle:_com.android.support.constraint:constraint-layout-1.1.3.classpath">
    <pathelement location="C:/Users/soumya/.gradle/caches/transforms-1/files-1.1/constraint-layout-1.1.3.aar/052688212d10b80cd7b86904f2a4dfa1/res"/>
    <pathelement location="C:/Users/soumya/.gradle/caches/transforms-1/files-1.1/constraint-layout-1.1.3.aar/052688212d10b80cd7b86904f2a4dfa1/jars/classes.jar"/>
  </path>
  
  <path id="library.gradle:_com.android.support.constraint:constraint-layout-solver:1.1.3@jar.classpath">
    <pathelement location="C:/Users/soumya/.gradle/caches/modules-2/files-2.1/com.android.support.constraint/constraint-layout-solver/1.1.3/bde0667d7414c16ed62d3cfe993cff7f9d732373/constraint-layout-solver-1.1.3.jar"/>
  </path>
  
  <path id="library.gradle:_com.android.support.test.espresso:espresso-core-3.0.2.classpath">
    <pathelement location="C:/Users/soumya/.gradle/caches/transforms-1/files-1.1/espresso-core-3.0.2.aar/064e780ef4d9714beab28ad8660243d3/res"/>
    <pathelement location="C:/Users/soumya/.gradle/caches/transforms-1/files-1.1/espresso-core-3.0.2.aar/064e780ef4d9714beab28ad8660243d3/jars/classes.jar"/>
  </path>
  
  <path id="library.gradle:_com.android.support.test.espresso:espresso-idling-resource-3.0.2.classpath">
    <pathelement location="C:/Users/soumya/.gradle/caches/transforms-1/files-1.1/espresso-idling-resource-3.0.2.aar/f70c8beeef9dddff94ebc26e2f11b255/res"/>
    <pathelement location="C:/Users/soumya/.gradle/caches/transforms-1/files-1.1/espresso-idling-resource-3.0.2.aar/f70c8beeef9dddff94ebc26e2f11b255/jars/classes.jar"/>
  </path>
  
  <path id="library.gradle:_com.android.support.test:monitor-1.0.2.classpath">
    <pathelement location="C:/Users/soumya/.gradle/caches/transforms-1/files-1.1/monitor-1.0.2.aar/084bec5c0a7429608c8c82448331b32f/res"/>
    <pathelement location="C:/Users/soumya/.gradle/caches/transforms-1/files-1.1/monitor-1.0.2.aar/084bec5c0a7429608c8c82448331b32f/jars/classes.jar"/>
  </path>
  
  <path id="library.gradle:_com.android.support.test:runner-1.0.2.classpath">
    <pathelement location="C:/Users/soumya/.gradle/caches/transforms-1/files-1.1/runner-1.0.2.aar/a28274b066e3271e675b25f1b19148cf/res"/>
    <pathelement location="C:/Users/soumya/.gradle/caches/transforms-1/files-1.1/runner-1.0.2.aar/a28274b066e3271e675b25f1b19148cf/jars/classes.jar"/>
  </path>
  
  <path id="library.gradle:_com.android.support:animated-vector-drawable-28.0.0.classpath">
    <pathelement location="C:/Users/soumya/.gradle/caches/transforms-1/files-1.1/animated-vector-drawable-28.0.0.aar/881b5534c4d770fc96266f1277c99920/res"/>
    <pathelement location="C:/Users/soumya/.gradle/caches/transforms-1/files-1.1/animated-vector-drawable-28.0.0.aar/881b5534c4d770fc96266f1277c99920/jars/classes.jar"/>
  </path>
  
  <path id="library.gradle:_com.android.support:appcompat-v7-28.0.0.classpath">
    <pathelement location="C:/Users/soumya/.gradle/caches/transforms-1/files-1.1/appcompat-v7-28.0.0.aar/77080a1e020701ed1f44746b8fd7338d/res"/>
    <pathelement location="C:/Users/soumya/.gradle/caches/transforms-1/files-1.1/appcompat-v7-28.0.0.aar/77080a1e020701ed1f44746b8fd7338d/jars/classes.jar"/>
  </path>
  
  <path id="library.gradle:_com.android.support:asynclayoutinflater-28.0.0.classpath">
    <pathelement location="C:/Users/soumya/.gradle/caches/transforms-1/files-1.1/asynclayoutinflater-28.0.0.aar/9ca46d03d45963d83f22b1d2b0b8543f/res"/>
    <pathelement location="C:/Users/soumya/.gradle/caches/transforms-1/files-1.1/asynclayoutinflater-28.0.0.aar/9ca46d03d45963d83f22b1d2b0b8543f/jars/classes.jar"/>
  </path>
  
  <path id="library.gradle:_com.android.support:collections:28.0.0@jar.classpath">
    <pathelement location="C:/Users/soumya/.gradle/caches/modules-2/files-2.1/com.android.support/collections/28.0.0/c1bcdade4d3cc2836130424a3f3e4182c666a745/collections-28.0.0.jar"/>
  </path>
  
  <path id="library.gradle:_com.android.support:coordinatorlayout-28.0.0.classpath">
    <pathelement location="C:/Users/soumya/.gradle/caches/transforms-1/files-1.1/coordinatorlayout-28.0.0.aar/5187d32bf03477f23cad284e64f655c3/res"/>
    <pathelement location="C:/Users/soumya/.gradle/caches/transforms-1/files-1.1/coordinatorlayout-28.0.0.aar/5187d32bf03477f23cad284e64f655c3/jars/classes.jar"/>
  </path>
  
  <path id="library.gradle:_com.android.support:cursoradapter-28.0.0.classpath">
    <pathelement location="C:/Users/soumya/.gradle/caches/transforms-1/files-1.1/cursoradapter-28.0.0.aar/7f398f2fc52ee3ca05ef82d1dd505794/res"/>
    <pathelement location="C:/Users/soumya/.gradle/caches/transforms-1/files-1.1/cursoradapter-28.0.0.aar/7f398f2fc52ee3ca05ef82d1dd505794/jars/classes.jar"/>
  </path>
  
  <path id="library.gradle:_com.android.support:customview-28.0.0.classpath">
    <pathelement location="C:/Users/soumya/.gradle/caches/transforms-1/files-1.1/customview-28.0.0.aar/6f4640a407ed40a6d50de5903502fe7a/res"/>
    <pathelement location="C:/Users/soumya/.gradle/caches/transforms-1/files-1.1/customview-28.0.0.aar/6f4640a407ed40a6d50de5903502fe7a/jars/classes.jar"/>
  </path>
  
  <path id="library.gradle:_com.android.support:documentfile-28.0.0.classpath">
    <pathelement location="C:/Users/soumya/.gradle/caches/transforms-1/files-1.1/documentfile-28.0.0.aar/7d2764d56e042ab2de527145d6d4df1b/res"/>
    <pathelement location="C:/Users/soumya/.gradle/caches/transforms-1/files-1.1/documentfile-28.0.0.aar/7d2764d56e042ab2de527145d6d4df1b/jars/classes.jar"/>
  </path>
  
  <path id="library.gradle:_com.android.support:drawerlayout-28.0.0.classpath">
    <pathelement location="C:/Users/soumya/.gradle/caches/transforms-1/files-1.1/drawerlayout-28.0.0.aar/e959106997dad3f04fff8d14bbc8b560/res"/>
    <pathelement location="C:/Users/soumya/.gradle/caches/transforms-1/files-1.1/drawerlayout-28.0.0.aar/e959106997dad3f04fff8d14bbc8b560/jars/classes.jar"/>
  </path>
  
  <path id="library.gradle:_com.android.support:interpolator-28.0.0.classpath">
    <pathelement location="C:/Users/soumya/.gradle/caches/transforms-1/files-1.1/interpolator-28.0.0.aar/46792342f4863422710a2bb2c9c0751d/res"/>
    <pathelement location="C:/Users/soumya/.gradle/caches/transforms-1/files-1.1/interpolator-28.0.0.aar/46792342f4863422710a2bb2c9c0751d/jars/classes.jar"/>
  </path>
  
  <path id="library.gradle:_com.android.support:loader-28.0.0.classpath">
    <pathelement location="C:/Users/soumya/.gradle/caches/transforms-1/files-1.1/loader-28.0.0.aar/698afe3c260f6e61cc40d6a302d79e30/res"/>
    <pathelement location="C:/Users/soumya/.gradle/caches/transforms-1/files-1.1/loader-28.0.0.aar/698afe3c260f6e61cc40d6a302d79e30/jars/classes.jar"/>
  </path>
  
  <path id="library.gradle:_com.android.support:localbroadcastmanager-28.0.0.classpath">
    <pathelement location="C:/Users/soumya/.gradle/caches/transforms-1/files-1.1/localbroadcastmanager-28.0.0.aar/5a871ace3835d6ac134d8ea30e4351f2/res"/>
    <pathelement location="C:/Users/soumya/.gradle/caches/transforms-1/files-1.1/localbroadcastmanager-28.0.0.aar/5a871ace3835d6ac134d8ea30e4351f2/jars/classes.jar"/>
  </path>
  
  <path id="library.gradle:_com.android.support:print-28.0.0.classpath">
    <pathelement location="C:/Users/soumya/.gradle/caches/transforms-1/files-1.1/print-28.0.0.aar/5d73adc5cf6604cc19bd0fe470c254be/res"/>
    <pathelement location="C:/Users/soumya/.gradle/caches/transforms-1/files-1.1/print-28.0.0.aar/5d73adc5cf6604cc19bd0fe470c254be/jars/classes.jar"/>
  </path>
  
  <path id="library.gradle:_com.android.support:slidingpanelayout-28.0.0.classpath">
    <pathelement location="C:/Users/soumya/.gradle/caches/transforms-1/files-1.1/slidingpanelayout-28.0.0.aar/1f8d404c9c819ae38268c2469729b98d/res"/>
    <pathelement location="C:/Users/soumya/.gradle/caches/transforms-1/files-1.1/slidingpanelayout-28.0.0.aar/1f8d404c9c819ae38268c2469729b98d/jars/classes.jar"/>
  </path>
  
  <path id="library.gradle:_com.android.support:support-annotations:28.0.0@jar.classpath">
    <pathelement location="C:/Users/soumya/.gradle/caches/modules-2/files-2.1/com.android.support/support-annotations/28.0.0/ed73f5337a002d1fd24339d5fb08c2c9d9ca60d8/support-annotations-28.0.0.jar"/>
  </path>
  
  <path id="library.gradle:_com.android.support:support-compat-28.0.0.classpath">
    <pathelement location="C:/Users/soumya/.gradle/caches/transforms-1/files-1.1/support-compat-28.0.0.aar/c3585a59ac08ef8c6f17dd2851b79b3f/res"/>
    <pathelement location="C:/Users/soumya/.gradle/caches/transforms-1/files-1.1/support-compat-28.0.0.aar/c3585a59ac08ef8c6f17dd2851b79b3f/jars/classes.jar"/>
  </path>
  
  <path id="library.gradle:_com.android.support:support-core-ui-28.0.0.classpath">
    <pathelement location="C:/Users/soumya/.gradle/caches/transforms-1/files-1.1/support-core-ui-28.0.0.aar/e70c2118e636b96b531eb7085269660f/res"/>
    <pathelement location="C:/Users/soumya/.gradle/caches/transforms-1/files-1.1/support-core-ui-28.0.0.aar/e70c2118e636b96b531eb7085269660f/jars/classes.jar"/>
  </path>
  
  <path id="library.gradle:_com.android.support:support-core-utils-28.0.0.classpath">
    <pathelement location="C:/Users/soumya/.gradle/caches/transforms-1/files-1.1/support-core-utils-28.0.0.aar/2be0f5d2aaeff900dc139e8d3a81132d/res"/>
    <pathelement location="C:/Users/soumya/.gradle/caches/transforms-1/files-1.1/support-core-utils-28.0.0.aar/2be0f5d2aaeff900dc139e8d3a81132d/jars/classes.jar"/>
  </path>
  
  <path id="library.gradle:_com.android.support:support-fragment-28.0.0.classpath">
    <pathelement location="C:/Users/soumya/.gradle/caches/transforms-1/files-1.1/support-fragment-28.0.0.aar/1e402c0ef535265595a5e204cec9284b/res"/>
    <pathelement location="C:/Users/soumya/.gradle/caches/transforms-1/files-1.1/support-fragment-28.0.0.aar/1e402c0ef535265595a5e204cec9284b/jars/classes.jar"/>
  </path>
  
  <path id="library.gradle:_com.android.support:support-vector-drawable-28.0.0.classpath">
    <pathelement location="C:/Users/soumya/.gradle/caches/transforms-1/files-1.1/support-vector-drawable-28.0.0.aar/18f4f32da476c9d0cc452cdfb5e5178f/res"/>
    <pathelement location="C:/Users/soumya/.gradle/caches/transforms-1/files-1.1/support-vector-drawable-28.0.0.aar/18f4f32da476c9d0cc452cdfb5e5178f/jars/classes.jar"/>
  </path>
  
  <path id="library.gradle:_com.android.support:swiperefreshlayout-28.0.0.classpath">
    <pathelement location="C:/Users/soumya/.gradle/caches/transforms-1/files-1.1/swiperefreshlayout-28.0.0.aar/bca3e71f3d7d855759338b7b61dc877e/res"/>
    <pathelement location="C:/Users/soumya/.gradle/caches/transforms-1/files-1.1/swiperefreshlayout-28.0.0.aar/bca3e71f3d7d855759338b7b61dc877e/jars/classes.jar"/>
  </path>
  
  <path id="library.gradle:_com.android.support:versionedparcelable-28.0.0.classpath">
    <pathelement location="C:/Users/soumya/.gradle/caches/transforms-1/files-1.1/versionedparcelable-28.0.0.aar/961fec1450f6b5141528dd0c02705c9a/res"/>
    <pathelement location="C:/Users/soumya/.gradle/caches/transforms-1/files-1.1/versionedparcelable-28.0.0.aar/961fec1450f6b5141528dd0c02705c9a/jars/classes.jar"/>
  </path>
  
  <path id="library.gradle:_com.android.support:viewpager-28.0.0.classpath">
    <pathelement location="C:/Users/soumya/.gradle/caches/transforms-1/files-1.1/viewpager-28.0.0.aar/d3dc834a2b044d3ec3192dfa29b1903d/res"/>
    <pathelement location="C:/Users/soumya/.gradle/caches/transforms-1/files-1.1/viewpager-28.0.0.aar/d3dc834a2b044d3ec3192dfa29b1903d/jars/classes.jar"/>
  </path>
  
  <path id="library.gradle:_com.google.code.findbugs:jsr305:2.0.1@jar.classpath">
    <pathelement location="C:/Users/soumya/.gradle/caches/modules-2/files-2.1/com.google.code.findbugs/jsr305/2.0.1/516c03b21d50a644d538de0f0369c620989cd8f0/jsr305-2.0.1.jar"/>
  </path>
  
  <path id="library.gradle:_com.squareup:javawriter:2.1.1@jar.classpath">
    <pathelement location="C:/Users/soumya/.gradle/caches/modules-2/files-2.1/com.squareup/javawriter/2.1.1/67ff45d9ae02e583d0f9b3432a5ebbe05c30c966/javawriter-2.1.1.jar"/>
  </path>
  
  <path id="library.gradle:_javax.inject:javax.inject:1@jar.classpath">
    <pathelement location="C:/Users/soumya/.gradle/caches/modules-2/files-2.1/javax.inject/javax.inject/1/6975da39a7040257bd51d21a231b76c915872d38/javax.inject-1.jar"/>
  </path>
  
  <path id="library.gradle:_junit:junit:4.12@jar.classpath">
    <pathelement location="C:/Users/soumya/.gradle/caches/modules-2/files-2.1/junit/junit/4.12/2973d150c0dc1fefe998f834810d68f278ea58ec/junit-4.12.jar"/>
  </path>
  
  <path id="library.gradle:_net.sf.kxml:kxml2:2.3.0@jar.classpath">
    <pathelement location="C:/Users/soumya/.gradle/caches/modules-2/files-2.1/net.sf.kxml/kxml2/2.3.0/ccbc77a5fd907ef863c29f3596c6f54ffa4e9442/kxml2-2.3.0.jar"/>
  </path>
  
  <path id="library.gradle:_org.hamcrest:hamcrest-core:1.3@jar.classpath">
    <pathelement location="C:/Users/soumya/.gradle/caches/modules-2/files-2.1/org.hamcrest/hamcrest-core/1.3/42a25dc3219429f0e5d060061f71acb49bf010a0/hamcrest-core-1.3.jar"/>
  </path>
  
  <path id="library.gradle:_org.hamcrest:hamcrest-integration:1.3@jar.classpath">
    <pathelement location="C:/Users/soumya/.gradle/caches/modules-2/files-2.1/org.hamcrest/hamcrest-integration/1.3/5de0c73fef18917cd85d0ab70bb23818685e4dfd/hamcrest-integration-1.3.jar"/>
  </path>
  
  <path id="library.gradle:_org.hamcrest:hamcrest-library:1.3@jar.classpath">
    <pathelement location="C:/Users/soumya/.gradle/caches/modules-2/files-2.1/org.hamcrest/hamcrest-library/1.3/4785a3c21320980282f9f33d0d1264a69040538f/hamcrest-library-1.3.jar"/>
  </path>
  <!-- Register Custom Compiler Taskdefs -->
  <property name="javac2.home" value="${idea.home}/lib"/>
  <path id="javac2.classpath">
    <pathelement location="${javac2.home}/javac2.jar"/>
    <pathelement location="${javac2.home}/jdom.jar"/>
    <pathelement location="${javac2.home}/asm-all.jar"/>
    <pathelement location="${javac2.home}/jgoodies-forms.jar"/>
  </path>
  <target name="register.custom.compilers">
    <taskdef name="javac2" classname="com.intellij.ant.Javac2" classpathref="javac2.classpath"/>
    <taskdef name="instrumentIdeaExtensions" classname="com.intellij.ant.InstrumentIdeaExtensions" classpathref="javac2.classpath"/>
  </target>
  
  <!-- Modules -->
  
  <import file="${basedir}/module_androidsensor.xml"/>
  
  <import file="${basedir}/app/module_app.xml"/>
  
  <target name="init" description="Build initialization">
    <!-- Perform any build initialization in this target -->
  </target>
  
  <target name="clean" depends="clean.module.androidsensor, clean.module.app" description="cleanup all"/>
  
  <target name="build.modules" depends="init, clean, compile.module.androidsensor, compile.module.app" description="build all modules"/>
  
  <target name="all" depends="build.modules" description="build all"/>
</project>