<?xml version="1.0" encoding="UTF-8"?>
<project name="module_androidsensor" default="compile.module.androidsensor">
  <dirname property="module.androidsensor.basedir" file="${ant.file.module_androidsensor}"/>
  
  <property name="module.jdk.home.androidsensor" value="${project.jdk.home}"/>
  <property name="module.jdk.bin.androidsensor" value="${project.jdk.bin}"/>
  <property name="module.jdk.classpath.androidsensor" value="${project.jdk.classpath}"/>
  
  <property name="compiler.args.androidsensor" value="-encoding UTF-8 -source 1.7 -target 1.7 ${compiler.args}"/>
  
  <property name="androidsensor.output.dir" value="${module.androidsensor.basedir}/build/classes/production/AndroidSensor"/>
  <property name="androidsensor.testoutput.dir" value="${module.androidsensor.basedir}/build/classes/test/AndroidSensor"/>
  
  <path id="androidsensor.module.bootclasspath">
    <!-- Paths to be included in compilation bootclasspath -->
  </path>
  
  <path id="androidsensor.module.production.classpath">
    <path refid="${module.jdk.classpath.androidsensor}"/>
  </path>
  
  <path id="androidsensor.runtime.production.module.classpath">
    <pathelement location="${androidsensor.output.dir}"/>
  </path>
  
  <path id="androidsensor.module.classpath">
    <path refid="${module.jdk.classpath.androidsensor}"/>
    <pathelement location="${androidsensor.output.dir}"/>
  </path>
  
  <path id="androidsensor.runtime.module.classpath">
    <pathelement location="${androidsensor.testoutput.dir}"/>
    <pathelement location="${androidsensor.output.dir}"/>
  </path>
  
  
  <patternset id="excluded.from.module.androidsensor">
    <patternset refid="ignored.files"/>
  </patternset>
  
  <patternset id="excluded.from.compilation.androidsensor">
    <patternset refid="excluded.from.module.androidsensor"/>
  </patternset>
  
  
  <target name="compile.module.androidsensor" depends="compile.module.androidsensor.production,compile.module.androidsensor.tests" description="Compile module AndroidSensor"/>
  
  <target name="compile.module.androidsensor.production" depends="register.custom.compilers" description="Compile module AndroidSensor; production classes"/>
  
  <target name="compile.module.androidsensor.tests" depends="register.custom.compilers,compile.module.androidsensor.production" description="compile module AndroidSensor; test classes" unless="skip.tests"/>
  
  <target name="clean.module.androidsensor" description="cleanup module">
    <delete dir="${androidsensor.output.dir}"/>
    <delete dir="${androidsensor.testoutput.dir}"/>
  </target>
</project>